{"cameraMode":{"drawMode":0,"name":"Shaded","section":"Shading Mode"},"sceneLighting":false,"audioPlay":false,"sceneViewState":{"showFog":true,"showMaterialUpdate":false,"showSkybox":false,"showFlares":true,"showImageEffects":true,"showParticleSystems":true},"in2DMode":false,"pivot":{"x":4.137472152709961,"y":-3.657024621963501,"z":18.908533096313478},"rotation":{"x":0.09870466589927674,"y":0.09421472251415253,"z":-0.009369662031531334,"w":0.9906284809112549},"size":27.55970573425293,"orthographic":false}