{"cameraMode":{"drawMode":0,"name":"Shaded","section":"Shading Mode"},"sceneLighting":false,"audioPlay":false,"sceneViewState":{"showFog":true,"showMaterialUpdate":false,"showSkybox":false,"showFlares":true,"showImageEffects":true,"showParticleSystems":true},"in2DMode":false,"pivot":{"x":1.2254055738449097,"y":-32.626461029052737,"z":2.3941683769226076},"rotation":{"x":0.6840981245040894,"y":-0.0027404665015637876,"z":0.002723949495702982,"w":0.7294758558273315},"size":36.106468200683597,"orthographic":false}