{"cameraMode":{"drawMode":0,"name":"Shaded","section":"Shading Mode"},"sceneLighting":false,"audioPlay":false,"sceneViewState":{"showFog":true,"showMaterialUpdate":false,"showSkybox":false,"showFlares":true,"showImageEffects":true,"showParticleSystems":true},"in2DMode":false,"pivot":{"x":6.740414142608643,"y":-1.772400975227356,"z":14.719765663146973},"rotation":{"x":0.0719902291893959,"y":0.21876733005046845,"z":-0.01599864847958088,"w":0.9730451107025147},"size":22.0,"orthographic":false}