{"cameraMode":{"drawMode":0,"name":"Shaded","section":"Shading Mode"},"sceneLighting":false,"audioPlay":false,"sceneViewState":{"showFog":true,"showMaterialUpdate":false,"showSkybox":false,"showFlares":true,"showImageEffects":true,"showParticleSystems":true},"in2DMode":false,"pivot":{"x":2.7720296382904054,"y":11.480290412902832,"z":1.818555235862732},"rotation":{"x":-0.17758046090602876,"y":0.8164107203483582,"z":-0.439464807510376,"w":-0.3298860192298889},"size":23.777454376220704,"orthographic":false}