{"cameraMode":{"drawMode":0,"name":"Shaded","section":"Shading Mode"},"sceneLighting":true,"audioPlay":false,"sceneViewState":{"showFog":true,"showMaterialUpdate":false,"showSkybox":true,"showFlares":true,"showImageEffects":true,"showParticleSystems":true},"in2DMode":false,"pivot":{"x":7.519979953765869,"y":6.1007232666015629,"z":10.74294376373291},"rotation":{"x":0.7214081883430481,"y":-0.006649577524513006,"z":0.007269514258950949,"w":0.6925503015518189},"size":36.106468200683597,"orthographic":false}