{"cameraMode":{"drawMode":0,"name":"Shaded","section":"Shading Mode"},"sceneLighting":false,"audioPlay":false,"sceneViewState":{"showFog":true,"showMaterialUpdate":false,"showSkybox":false,"showFlares":true,"showImageEffects":true,"showParticleSystems":true},"in2DMode":false,"pivot":{"x":-9.165302276611329,"y":-3.219059705734253,"z":-20.7425594329834},"rotation":{"x":-0.019842809066176416,"y":0.9728384613990784,"z":-0.09103773534297943,"w":-0.211945578455925},"size":27.673189163208009,"orthographic":false}